<?xml version="1.0" encoding="UTF-8"?>
<spirit:component xmlns:xilinx="http://www.xilinx.com" xmlns:spirit="http://www.spiritconsortium.org/XMLSchema/SPIRIT/1685-2009" xmlns:xsi="http://www.w3.org/2001/XMLSchema-instance">
  <spirit:vendor>xilinx.com</spirit:vendor>
  <spirit:library>user</spirit:library>
  <spirit:name>WS2812</spirit:name>
  <spirit:version>1.0</spirit:version>
  <spirit:busInterfaces>
    <spirit:busInterface>
      <spirit:name>S00_AXI</spirit:name>
      <spirit:busType spirit:vendor="xilinx.com" spirit:library="interface" spirit:name="aximm" spirit:version="1.0"/>
      <spirit:abstractionType spirit:vendor="xilinx.com" spirit:library="interface" spirit:name="aximm_rtl" spirit:version="1.0"/>
      <spirit:slave>
        <spirit:memoryMapRef spirit:memoryMapRef="S00_AXI"/>
      </spirit:slave>
      <spirit:portMaps>
        <spirit:portMap>
          <spirit:logicalPort>
            <spirit:name>AWADDR</spirit:name>
          </spirit:logicalPort>
          <spirit:physicalPort>
            <spirit:name>s00_axi_awaddr</spirit:name>
          </spirit:physicalPort>
        </spirit:portMap>
        <spirit:portMap>
          <spirit:logicalPort>
            <spirit:name>AWPROT</spirit:name>
          </spirit:logicalPort>
          <spirit:physicalPort>
            <spirit:name>s00_axi_awprot</spirit:name>
          </spirit:physicalPort>
        </spirit:portMap>
        <spirit:portMap>
          <spirit:logicalPort>
            <spirit:name>AWVALID</spirit:name>
          </spirit:logicalPort>
          <spirit:physicalPort>
            <spirit:name>s00_axi_awvalid</spirit:name>
          </spirit:physicalPort>
        </spirit:portMap>
        <spirit:portMap>
          <spirit:logicalPort>
            <spirit:name>AWREADY</spirit:name>
          </spirit:logicalPort>
          <spirit:physicalPort>
            <spirit:name>s00_axi_awready</spirit:name>
          </spirit:physicalPort>
        </spirit:portMap>
        <spirit:portMap>
          <spirit:logicalPort>
            <spirit:name>WDATA</spirit:name>
          </spirit:logicalPort>
          <spirit:physicalPort>
            <spirit:name>s00_axi_wdata</spirit:name>
          </spirit:physicalPort>
        </spirit:portMap>
        <spirit:portMap>
          <spirit:logicalPort>
            <spirit:name>WSTRB</spirit:name>
          </spirit:logicalPort>
          <spirit:physicalPort>
            <spirit:name>s00_axi_wstrb</spirit:name>
          </spirit:physicalPort>
        </spirit:portMap>
        <spirit:portMap>
          <spirit:logicalPort>
            <spirit:name>WVALID</spirit:name>
          </spirit:logicalPort>
          <spirit:physicalPort>
            <spirit:name>s00_axi_wvalid</spirit:name>
          </spirit:physicalPort>
        </spirit:portMap>
        <spirit:portMap>
          <spirit:logicalPort>
            <spirit:name>WREADY</spirit:name>
          </spirit:logicalPort>
          <spirit:physicalPort>
            <spirit:name>s00_axi_wready</spirit:name>
          </spirit:physicalPort>
        </spirit:portMap>
        <spirit:portMap>
          <spirit:logicalPort>
            <spirit:name>BRESP</spirit:name>
          </spirit:logicalPort>
          <spirit:physicalPort>
            <spirit:name>s00_axi_bresp</spirit:name>
          </spirit:physicalPort>
        </spirit:portMap>
        <spirit:portMap>
          <spirit:logicalPort>
            <spirit:name>BVALID</spirit:name>
          </spirit:logicalPort>
          <spirit:physicalPort>
            <spirit:name>s00_axi_bvalid</spirit:name>
          </spirit:physicalPort>
        </spirit:portMap>
        <spirit:portMap>
          <spirit:logicalPort>
            <spirit:name>BREADY</spirit:name>
          </spirit:logicalPort>
          <spirit:physicalPort>
            <spirit:name>s00_axi_bready</spirit:name>
          </spirit:physicalPort>
        </spirit:portMap>
        <spirit:portMap>
          <spirit:logicalPort>
            <spirit:name>ARADDR</spirit:name>
          </spirit:logicalPort>
          <spirit:physicalPort>
            <spirit:name>s00_axi_araddr</spirit:name>
          </spirit:physicalPort>
        </spirit:portMap>
        <spirit:portMap>
          <spirit:logicalPort>
            <spirit:name>ARPROT</spirit:name>
          </spirit:logicalPort>
          <spirit:physicalPort>
            <spirit:name>s00_axi_arprot</spirit:name>
          </spirit:physicalPort>
        </spirit:portMap>
        <spirit:portMap>
          <spirit:logicalPort>
            <spirit:name>ARVALID</spirit:name>
          </spirit:logicalPort>
          <spirit:physicalPort>
            <spirit:name>s00_axi_arvalid</spirit:name>
          </spirit:physicalPort>
        </spirit:portMap>
        <spirit:portMap>
          <spirit:logicalPort>
            <spirit:name>ARREADY</spirit:name>
          </spirit:logicalPort>
          <spirit:physicalPort>
            <spirit:name>s00_axi_arready</spirit:name>
          </spirit:physicalPort>
        </spirit:portMap>
        <spirit:portMap>
          <spirit:logicalPort>
            <spirit:name>RDATA</spirit:name>
          </spirit:logicalPort>
          <spirit:physicalPort>
            <spirit:name>s00_axi_rdata</spirit:name>
          </spirit:physicalPort>
        </spirit:portMap>
        <spirit:portMap>
          <spirit:logicalPort>
            <spirit:name>RRESP</spirit:name>
          </spirit:logicalPort>
          <spirit:physicalPort>
            <spirit:name>s00_axi_rresp</spirit:name>
          </spirit:physicalPort>
        </spirit:portMap>
        <spirit:portMap>
          <spirit:logicalPort>
            <spirit:name>RVALID</spirit:name>
          </spirit:logicalPort>
          <spirit:physicalPort>
            <spirit:name>s00_axi_rvalid</spirit:name>
          </spirit:physicalPort>
        </spirit:portMap>
        <spirit:portMap>
          <spirit:logicalPort>
            <spirit:name>RREADY</spirit:name>
          </spirit:logicalPort>
          <spirit:physicalPort>
            <spirit:name>s00_axi_rready</spirit:name>
          </spirit:physicalPort>
        </spirit:portMap>
      </spirit:portMaps>
      <spirit:parameters>
        <spirit:parameter>
          <spirit:name>WIZ_DATA_WIDTH</spirit:name>
          <spirit:value spirit:format="long" spirit:id="BUSIFPARAM_VALUE.S00_AXI.WIZ_DATA_WIDTH" spirit:choiceRef="choice_list_6fc15197">32</spirit:value>
        </spirit:parameter>
        <spirit:parameter>
          <spirit:name>WIZ_NUM_REG</spirit:name>
          <spirit:value spirit:format="long" spirit:id="BUSIFPARAM_VALUE.S00_AXI.WIZ_NUM_REG" spirit:minimum="4" spirit:maximum="512" spirit:rangeType="long">70</spirit:value>
        </spirit:parameter>
        <spirit:parameter>
          <spirit:name>SUPPORTS_NARROW_BURST</spirit:name>
          <spirit:value spirit:format="long" spirit:id="BUSIFPARAM_VALUE.S00_AXI.SUPPORTS_NARROW_BURST" spirit:choiceRef="choice_pairs_ce1226b1">0</spirit:value>
        </spirit:parameter>
      </spirit:parameters>
    </spirit:busInterface>
    <spirit:busInterface>
      <spirit:name>S00_AXI_RST</spirit:name>
      <spirit:busType spirit:vendor="xilinx.com" spirit:library="signal" spirit:name="reset" spirit:version="1.0"/>
      <spirit:abstractionType spirit:vendor="xilinx.com" spirit:library="signal" spirit:name="reset_rtl" spirit:version="1.0"/>
      <spirit:slave/>
      <spirit:portMaps>
        <spirit:portMap>
          <spirit:logicalPort>
            <spirit:name>RST</spirit:name>
          </spirit:logicalPort>
          <spirit:physicalPort>
            <spirit:name>s00_axi_aresetn</spirit:name>
          </spirit:physicalPort>
        </spirit:portMap>
      </spirit:portMaps>
      <spirit:parameters>
        <spirit:parameter>
          <spirit:name>POLARITY</spirit:name>
          <spirit:value spirit:id="BUSIFPARAM_VALUE.S00_AXI_RST.POLARITY" spirit:choiceRef="choice_list_9d8b0d81">ACTIVE_LOW</spirit:value>
        </spirit:parameter>
      </spirit:parameters>
    </spirit:busInterface>
    <spirit:busInterface>
      <spirit:name>S00_AXI_CLK</spirit:name>
      <spirit:busType spirit:vendor="xilinx.com" spirit:library="signal" spirit:name="clock" spirit:version="1.0"/>
      <spirit:abstractionType spirit:vendor="xilinx.com" spirit:library="signal" spirit:name="clock_rtl" spirit:version="1.0"/>
      <spirit:slave/>
      <spirit:portMaps>
        <spirit:portMap>
          <spirit:logicalPort>
            <spirit:name>CLK</spirit:name>
          </spirit:logicalPort>
          <spirit:physicalPort>
            <spirit:name>s00_axi_aclk</spirit:name>
          </spirit:physicalPort>
        </spirit:portMap>
      </spirit:portMaps>
      <spirit:parameters>
        <spirit:parameter>
          <spirit:name>ASSOCIATED_BUSIF</spirit:name>
          <spirit:value spirit:id="BUSIFPARAM_VALUE.S00_AXI_CLK.ASSOCIATED_BUSIF">S00_AXI</spirit:value>
        </spirit:parameter>
        <spirit:parameter>
          <spirit:name>ASSOCIATED_RESET</spirit:name>
          <spirit:value spirit:id="BUSIFPARAM_VALUE.S00_AXI_CLK.ASSOCIATED_RESET">s00_axi_aresetn</spirit:value>
        </spirit:parameter>
      </spirit:parameters>
    </spirit:busInterface>
    <spirit:busInterface>
      <spirit:name>clk</spirit:name>
      <spirit:busType spirit:vendor="xilinx.com" spirit:library="signal" spirit:name="clock" spirit:version="1.0"/>
      <spirit:abstractionType spirit:vendor="xilinx.com" spirit:library="signal" spirit:name="clock_rtl" spirit:version="1.0"/>
      <spirit:slave/>
      <spirit:portMaps>
        <spirit:portMap>
          <spirit:logicalPort>
            <spirit:name>CLK</spirit:name>
          </spirit:logicalPort>
          <spirit:physicalPort>
            <spirit:name>clk</spirit:name>
          </spirit:physicalPort>
        </spirit:portMap>
      </spirit:portMaps>
    </spirit:busInterface>
  </spirit:busInterfaces>
  <spirit:memoryMaps>
    <spirit:memoryMap>
      <spirit:name>S00_AXI</spirit:name>
      <spirit:addressBlock>
        <spirit:name>S00_AXI_reg</spirit:name>
        <spirit:baseAddress spirit:format="long" spirit:resolve="user">0</spirit:baseAddress>
        <spirit:range spirit:format="long">4096</spirit:range>
        <spirit:width spirit:format="long">32</spirit:width>
        <spirit:usage>register</spirit:usage>
        <spirit:parameters>
          <spirit:parameter>
            <spirit:name>OFFSET_BASE_PARAM</spirit:name>
            <spirit:value spirit:id="ADDRBLOCKPARAM_VALUE.S00_AXI.S00_AXI_REG.OFFSET_BASE_PARAM">C_S00_AXI_BASEADDR</spirit:value>
          </spirit:parameter>
          <spirit:parameter>
            <spirit:name>OFFSET_HIGH_PARAM</spirit:name>
            <spirit:value spirit:id="ADDRBLOCKPARAM_VALUE.S00_AXI.S00_AXI_REG.OFFSET_HIGH_PARAM">C_S00_AXI_HIGHADDR</spirit:value>
          </spirit:parameter>
        </spirit:parameters>
      </spirit:addressBlock>
    </spirit:memoryMap>
  </spirit:memoryMaps>
  <spirit:model>
    <spirit:views>
      <spirit:view>
        <spirit:name>xilinx_vhdlsynthesis</spirit:name>
        <spirit:displayName>VHDL Synthesis</spirit:displayName>
        <spirit:envIdentifier>vhdlSource:vivado.xilinx.com:synthesis</spirit:envIdentifier>
        <spirit:language>vhdl</spirit:language>
        <spirit:modelName>WS2812_v1_0</spirit:modelName>
        <spirit:fileSetRef>
          <spirit:localName>xilinx_vhdlsynthesis_view_fileset</spirit:localName>
        </spirit:fileSetRef>
        <spirit:parameters>
          <spirit:parameter>
            <spirit:name>viewChecksum</spirit:name>
            <spirit:value>e98abd4a</spirit:value>
          </spirit:parameter>
        </spirit:parameters>
      </spirit:view>
      <spirit:view>
        <spirit:name>xilinx_vhdlbehavioralsimulation</spirit:name>
        <spirit:displayName>VHDL Simulation</spirit:displayName>
        <spirit:envIdentifier>vhdlSource:vivado.xilinx.com:simulation</spirit:envIdentifier>
        <spirit:language>vhdl</spirit:language>
        <spirit:modelName>WS2812_v1_0</spirit:modelName>
        <spirit:fileSetRef>
          <spirit:localName>xilinx_vhdlbehavioralsimulation_view_fileset</spirit:localName>
        </spirit:fileSetRef>
        <spirit:parameters>
          <spirit:parameter>
            <spirit:name>viewChecksum</spirit:name>
            <spirit:value>e98abd4a</spirit:value>
          </spirit:parameter>
        </spirit:parameters>
      </spirit:view>
      <spirit:view>
        <spirit:name>xilinx_softwaredriver</spirit:name>
        <spirit:displayName>Software Driver</spirit:displayName>
        <spirit:envIdentifier>:vivado.xilinx.com:sw.driver</spirit:envIdentifier>
        <spirit:fileSetRef>
          <spirit:localName>xilinx_softwaredriver_view_fileset</spirit:localName>
        </spirit:fileSetRef>
        <spirit:parameters>
          <spirit:parameter>
            <spirit:name>viewChecksum</spirit:name>
            <spirit:value>02490390</spirit:value>
          </spirit:parameter>
        </spirit:parameters>
      </spirit:view>
      <spirit:view>
        <spirit:name>xilinx_xpgui</spirit:name>
        <spirit:displayName>UI Layout</spirit:displayName>
        <spirit:envIdentifier>:vivado.xilinx.com:xgui.ui</spirit:envIdentifier>
        <spirit:fileSetRef>
          <spirit:localName>xilinx_xpgui_view_fileset</spirit:localName>
        </spirit:fileSetRef>
        <spirit:parameters>
          <spirit:parameter>
            <spirit:name>viewChecksum</spirit:name>
            <spirit:value>dda4df14</spirit:value>
          </spirit:parameter>
        </spirit:parameters>
      </spirit:view>
      <spirit:view>
        <spirit:name>bd_tcl</spirit:name>
        <spirit:displayName>Block Diagram</spirit:displayName>
        <spirit:envIdentifier>:vivado.xilinx.com:block.diagram</spirit:envIdentifier>
        <spirit:fileSetRef>
          <spirit:localName>bd_tcl_view_fileset</spirit:localName>
        </spirit:fileSetRef>
        <spirit:parameters>
          <spirit:parameter>
            <spirit:name>viewChecksum</spirit:name>
            <spirit:value>16328387</spirit:value>
          </spirit:parameter>
        </spirit:parameters>
      </spirit:view>
    </spirit:views>
    <spirit:ports>
      <spirit:port>
        <spirit:name>clk</spirit:name>
        <spirit:wire>
          <spirit:direction>in</spirit:direction>
          <spirit:wireTypeDefs>
            <spirit:wireTypeDef>
              <spirit:typeName>std_logic</spirit:typeName>
              <spirit:viewNameRef>xilinx_vhdlsynthesis</spirit:viewNameRef>
              <spirit:viewNameRef>xilinx_vhdlbehavioralsimulation</spirit:viewNameRef>
            </spirit:wireTypeDef>
          </spirit:wireTypeDefs>
        </spirit:wire>
      </spirit:port>
      <spirit:port>
        <spirit:name>d_out</spirit:name>
        <spirit:wire>
          <spirit:direction>out</spirit:direction>
          <spirit:wireTypeDefs>
            <spirit:wireTypeDef>
              <spirit:typeName>std_logic</spirit:typeName>
              <spirit:viewNameRef>xilinx_vhdlsynthesis</spirit:viewNameRef>
              <spirit:viewNameRef>xilinx_vhdlbehavioralsimulation</spirit:viewNameRef>
            </spirit:wireTypeDef>
          </spirit:wireTypeDefs>
        </spirit:wire>
      </spirit:port>
      <spirit:port>
        <spirit:name>s00_axi_awaddr</spirit:name>
        <spirit:wire>
          <spirit:direction>in</spirit:direction>
          <spirit:vector>
            <spirit:left spirit:format="long" spirit:resolve="dependent" spirit:dependency="(spirit:decode(id(&apos;MODELPARAM_VALUE.C_S00_AXI_ADDR_WIDTH&apos;)) - 1)">8</spirit:left>
            <spirit:right spirit:format="long">0</spirit:right>
          </spirit:vector>
          <spirit:wireTypeDefs>
            <spirit:wireTypeDef>
              <spirit:typeName>std_logic_vector</spirit:typeName>
              <spirit:viewNameRef>xilinx_vhdlsynthesis</spirit:viewNameRef>
              <spirit:viewNameRef>xilinx_vhdlbehavioralsimulation</spirit:viewNameRef>
            </spirit:wireTypeDef>
          </spirit:wireTypeDefs>
        </spirit:wire>
      </spirit:port>
      <spirit:port>
        <spirit:name>s00_axi_awprot</spirit:name>
        <spirit:wire>
          <spirit:direction>in</spirit:direction>
          <spirit:vector>
            <spirit:left spirit:format="long">2</spirit:left>
            <spirit:right spirit:format="long">0</spirit:right>
          </spirit:vector>
          <spirit:wireTypeDefs>
            <spirit:wireTypeDef>
              <spirit:typeName>std_logic_vector</spirit:typeName>
              <spirit:viewNameRef>xilinx_vhdlsynthesis</spirit:viewNameRef>
              <spirit:viewNameRef>xilinx_vhdlbehavioralsimulation</spirit:viewNameRef>
            </spirit:wireTypeDef>
          </spirit:wireTypeDefs>
        </spirit:wire>
      </spirit:port>
      <spirit:port>
        <spirit:name>s00_axi_awvalid</spirit:name>
        <spirit:wire>
          <spirit:direction>in</spirit:direction>
          <spirit:wireTypeDefs>
            <spirit:wireTypeDef>
              <spirit:typeName>std_logic</spirit:typeName>
              <spirit:viewNameRef>xilinx_vhdlsynthesis</spirit:viewNameRef>
              <spirit:viewNameRef>xilinx_vhdlbehavioralsimulation</spirit:viewNameRef>
            </spirit:wireTypeDef>
          </spirit:wireTypeDefs>
        </spirit:wire>
      </spirit:port>
      <spirit:port>
        <spirit:name>s00_axi_awready</spirit:name>
        <spirit:wire>
          <spirit:direction>out</spirit:direction>
          <spirit:wireTypeDefs>
            <spirit:wireTypeDef>
              <spirit:typeName>std_logic</spirit:typeName>
              <spirit:viewNameRef>xilinx_vhdlsynthesis</spirit:viewNameRef>
              <spirit:viewNameRef>xilinx_vhdlbehavioralsimulation</spirit:viewNameRef>
            </spirit:wireTypeDef>
          </spirit:wireTypeDefs>
        </spirit:wire>
      </spirit:port>
      <spirit:port>
        <spirit:name>s00_axi_wdata</spirit:name>
        <spirit:wire>
          <spirit:direction>in</spirit:direction>
          <spirit:vector>
            <spirit:left spirit:format="long" spirit:resolve="dependent" spirit:dependency="(spirit:decode(id(&apos;MODELPARAM_VALUE.C_S00_AXI_DATA_WIDTH&apos;)) - 1)">31</spirit:left>
            <spirit:right spirit:format="long">0</spirit:right>
          </spirit:vector>
          <spirit:wireTypeDefs>
            <spirit:wireTypeDef>
              <spirit:typeName>std_logic_vector</spirit:typeName>
              <spirit:viewNameRef>xilinx_vhdlsynthesis</spirit:viewNameRef>
              <spirit:viewNameRef>xilinx_vhdlbehavioralsimulation</spirit:viewNameRef>
            </spirit:wireTypeDef>
          </spirit:wireTypeDefs>
        </spirit:wire>
      </spirit:port>
      <spirit:port>
        <spirit:name>s00_axi_wstrb</spirit:name>
        <spirit:wire>
          <spirit:direction>in</spirit:direction>
          <spirit:vector>
            <spirit:left spirit:format="long" spirit:resolve="dependent" spirit:dependency="((spirit:decode(id(&apos;MODELPARAM_VALUE.C_S00_AXI_DATA_WIDTH&apos;)) / 8) - 1)">3</spirit:left>
            <spirit:right spirit:format="long">0</spirit:right>
          </spirit:vector>
          <spirit:wireTypeDefs>
            <spirit:wireTypeDef>
              <spirit:typeName>std_logic_vector</spirit:typeName>
              <spirit:viewNameRef>xilinx_vhdlsynthesis</spirit:viewNameRef>
              <spirit:viewNameRef>xilinx_vhdlbehavioralsimulation</spirit:viewNameRef>
            </spirit:wireTypeDef>
          </spirit:wireTypeDefs>
        </spirit:wire>
      </spirit:port>
      <spirit:port>
        <spirit:name>s00_axi_wvalid</spirit:name>
        <spirit:wire>
          <spirit:direction>in</spirit:direction>
          <spirit:wireTypeDefs>
            <spirit:wireTypeDef>
              <spirit:typeName>std_logic</spirit:typeName>
              <spirit:viewNameRef>xilinx_vhdlsynthesis</spirit:viewNameRef>
              <spirit:viewNameRef>xilinx_vhdlbehavioralsimulation</spirit:viewNameRef>
            </spirit:wireTypeDef>
          </spirit:wireTypeDefs>
        </spirit:wire>
      </spirit:port>
      <spirit:port>
        <spirit:name>s00_axi_wready</spirit:name>
        <spirit:wire>
          <spirit:direction>out</spirit:direction>
          <spirit:wireTypeDefs>
            <spirit:wireTypeDef>
              <spirit:typeName>std_logic</spirit:typeName>
              <spirit:viewNameRef>xilinx_vhdlsynthesis</spirit:viewNameRef>
              <spirit:viewNameRef>xilinx_vhdlbehavioralsimulation</spirit:viewNameRef>
            </spirit:wireTypeDef>
          </spirit:wireTypeDefs>
        </spirit:wire>
      </spirit:port>
      <spirit:port>
        <spirit:name>s00_axi_bresp</spirit:name>
        <spirit:wire>
          <spirit:direction>out</spirit:direction>
          <spirit:vector>
            <spirit:left spirit:format="long">1</spirit:left>
            <spirit:right spirit:format="long">0</spirit:right>
          </spirit:vector>
          <spirit:wireTypeDefs>
            <spirit:wireTypeDef>
              <spirit:typeName>std_logic_vector</spirit:typeName>
              <spirit:viewNameRef>xilinx_vhdlsynthesis</spirit:viewNameRef>
              <spirit:viewNameRef>xilinx_vhdlbehavioralsimulation</spirit:viewNameRef>
            </spirit:wireTypeDef>
          </spirit:wireTypeDefs>
        </spirit:wire>
      </spirit:port>
      <spirit:port>
        <spirit:name>s00_axi_bvalid</spirit:name>
        <spirit:wire>
          <spirit:direction>out</spirit:direction>
          <spirit:wireTypeDefs>
            <spirit:wireTypeDef>
              <spirit:typeName>std_logic</spirit:typeName>
              <spirit:viewNameRef>xilinx_vhdlsynthesis</spirit:viewNameRef>
              <spirit:viewNameRef>xilinx_vhdlbehavioralsimulation</spirit:viewNameRef>
            </spirit:wireTypeDef>
          </spirit:wireTypeDefs>
        </spirit:wire>
      </spirit:port>
      <spirit:port>
        <spirit:name>s00_axi_bready</spirit:name>
        <spirit:wire>
          <spirit:direction>in</spirit:direction>
          <spirit:wireTypeDefs>
            <spirit:wireTypeDef>
              <spirit:typeName>std_logic</spirit:typeName>
              <spirit:viewNameRef>xilinx_vhdlsynthesis</spirit:viewNameRef>
              <spirit:viewNameRef>xilinx_vhdlbehavioralsimulation</spirit:viewNameRef>
            </spirit:wireTypeDef>
          </spirit:wireTypeDefs>
        </spirit:wire>
      </spirit:port>
      <spirit:port>
        <spirit:name>s00_axi_araddr</spirit:name>
        <spirit:wire>
          <spirit:direction>in</spirit:direction>
          <spirit:vector>
            <spirit:left spirit:format="long" spirit:resolve="dependent" spirit:dependency="(spirit:decode(id(&apos;MODELPARAM_VALUE.C_S00_AXI_ADDR_WIDTH&apos;)) - 1)">8</spirit:left>
            <spirit:right spirit:format="long">0</spirit:right>
          </spirit:vector>
          <spirit:wireTypeDefs>
            <spirit:wireTypeDef>
              <spirit:typeName>std_logic_vector</spirit:typeName>
              <spirit:viewNameRef>xilinx_vhdlsynthesis</spirit:viewNameRef>
              <spirit:viewNameRef>xilinx_vhdlbehavioralsimulation</spirit:viewNameRef>
            </spirit:wireTypeDef>
          </spirit:wireTypeDefs>
        </spirit:wire>
      </spirit:port>
      <spirit:port>
        <spirit:name>s00_axi_arprot</spirit:name>
        <spirit:wire>
          <spirit:direction>in</spirit:direction>
          <spirit:vector>
            <spirit:left spirit:format="long">2</spirit:left>
            <spirit:right spirit:format="long">0</spirit:right>
          </spirit:vector>
          <spirit:wireTypeDefs>
            <spirit:wireTypeDef>
              <spirit:typeName>std_logic_vector</spirit:typeName>
              <spirit:viewNameRef>xilinx_vhdlsynthesis</spirit:viewNameRef>
              <spirit:viewNameRef>xilinx_vhdlbehavioralsimulation</spirit:viewNameRef>
            </spirit:wireTypeDef>
          </spirit:wireTypeDefs>
        </spirit:wire>
      </spirit:port>
      <spirit:port>
        <spirit:name>s00_axi_arvalid</spirit:name>
        <spirit:wire>
          <spirit:direction>in</spirit:direction>
          <spirit:wireTypeDefs>
            <spirit:wireTypeDef>
              <spirit:typeName>std_logic</spirit:typeName>
              <spirit:viewNameRef>xilinx_vhdlsynthesis</spirit:viewNameRef>
              <spirit:viewNameRef>xilinx_vhdlbehavioralsimulation</spirit:viewNameRef>
            </spirit:wireTypeDef>
          </spirit:wireTypeDefs>
        </spirit:wire>
      </spirit:port>
      <spirit:port>
        <spirit:name>s00_axi_arready</spirit:name>
        <spirit:wire>
          <spirit:direction>out</spirit:direction>
          <spirit:wireTypeDefs>
            <spirit:wireTypeDef>
              <spirit:typeName>std_logic</spirit:typeName>
              <spirit:viewNameRef>xilinx_vhdlsynthesis</spirit:viewNameRef>
              <spirit:viewNameRef>xilinx_vhdlbehavioralsimulation</spirit:viewNameRef>
            </spirit:wireTypeDef>
          </spirit:wireTypeDefs>
        </spirit:wire>
      </spirit:port>
      <spirit:port>
        <spirit:name>s00_axi_rdata</spirit:name>
        <spirit:wire>
          <spirit:direction>out</spirit:direction>
          <spirit:vector>
            <spirit:left spirit:format="long" spirit:resolve="dependent" spirit:dependency="(spirit:decode(id(&apos;MODELPARAM_VALUE.C_S00_AXI_DATA_WIDTH&apos;)) - 1)">31</spirit:left>
            <spirit:right spirit:format="long">0</spirit:right>
          </spirit:vector>
          <spirit:wireTypeDefs>
            <spirit:wireTypeDef>
              <spirit:typeName>std_logic_vector</spirit:typeName>
              <spirit:viewNameRef>xilinx_vhdlsynthesis</spirit:viewNameRef>
              <spirit:viewNameRef>xilinx_vhdlbehavioralsimulation</spirit:viewNameRef>
            </spirit:wireTypeDef>
          </spirit:wireTypeDefs>
        </spirit:wire>
      </spirit:port>
      <spirit:port>
        <spirit:name>s00_axi_rresp</spirit:name>
        <spirit:wire>
          <spirit:direction>out</spirit:direction>
          <spirit:vector>
            <spirit:left spirit:format="long">1</spirit:left>
            <spirit:right spirit:format="long">0</spirit:right>
          </spirit:vector>
          <spirit:wireTypeDefs>
            <spirit:wireTypeDef>
              <spirit:typeName>std_logic_vector</spirit:typeName>
              <spirit:viewNameRef>xilinx_vhdlsynthesis</spirit:viewNameRef>
              <spirit:viewNameRef>xilinx_vhdlbehavioralsimulation</spirit:viewNameRef>
            </spirit:wireTypeDef>
          </spirit:wireTypeDefs>
        </spirit:wire>
      </spirit:port>
      <spirit:port>
        <spirit:name>s00_axi_rvalid</spirit:name>
        <spirit:wire>
          <spirit:direction>out</spirit:direction>
          <spirit:wireTypeDefs>
            <spirit:wireTypeDef>
              <spirit:typeName>std_logic</spirit:typeName>
              <spirit:viewNameRef>xilinx_vhdlsynthesis</spirit:viewNameRef>
              <spirit:viewNameRef>xilinx_vhdlbehavioralsimulation</spirit:viewNameRef>
            </spirit:wireTypeDef>
          </spirit:wireTypeDefs>
        </spirit:wire>
      </spirit:port>
      <spirit:port>
        <spirit:name>s00_axi_rready</spirit:name>
        <spirit:wire>
          <spirit:direction>in</spirit:direction>
          <spirit:wireTypeDefs>
            <spirit:wireTypeDef>
              <spirit:typeName>std_logic</spirit:typeName>
              <spirit:viewNameRef>xilinx_vhdlsynthesis</spirit:viewNameRef>
              <spirit:viewNameRef>xilinx_vhdlbehavioralsimulation</spirit:viewNameRef>
            </spirit:wireTypeDef>
          </spirit:wireTypeDefs>
        </spirit:wire>
      </spirit:port>
      <spirit:port>
        <spirit:name>s00_axi_aclk</spirit:name>
        <spirit:wire>
          <spirit:direction>in</spirit:direction>
          <spirit:wireTypeDefs>
            <spirit:wireTypeDef>
              <spirit:typeName>std_logic</spirit:typeName>
              <spirit:viewNameRef>xilinx_vhdlsynthesis</spirit:viewNameRef>
              <spirit:viewNameRef>xilinx_vhdlbehavioralsimulation</spirit:viewNameRef>
            </spirit:wireTypeDef>
          </spirit:wireTypeDefs>
        </spirit:wire>
      </spirit:port>
      <spirit:port>
        <spirit:name>s00_axi_aresetn</spirit:name>
        <spirit:wire>
          <spirit:direction>in</spirit:direction>
          <spirit:wireTypeDefs>
            <spirit:wireTypeDef>
              <spirit:typeName>std_logic</spirit:typeName>
              <spirit:viewNameRef>xilinx_vhdlsynthesis</spirit:viewNameRef>
              <spirit:viewNameRef>xilinx_vhdlbehavioralsimulation</spirit:viewNameRef>
            </spirit:wireTypeDef>
          </spirit:wireTypeDefs>
        </spirit:wire>
      </spirit:port>
    </spirit:ports>
    <spirit:modelParameters>
      <spirit:modelParameter xsi:type="spirit:nameValueTypeType" spirit:dataType="integer">
        <spirit:name>C_S00_AXI_DATA_WIDTH</spirit:name>
        <spirit:displayName>C S00 AXI DATA WIDTH</spirit:displayName>
        <spirit:description>Width of S_AXI data bus</spirit:description>
        <spirit:value spirit:format="long" spirit:resolve="generated" spirit:id="MODELPARAM_VALUE.C_S00_AXI_DATA_WIDTH" spirit:order="3" spirit:rangeType="long">32</spirit:value>
      </spirit:modelParameter>
      <spirit:modelParameter spirit:dataType="integer">
        <spirit:name>C_S00_AXI_ADDR_WIDTH</spirit:name>
        <spirit:displayName>C S00 AXI ADDR WIDTH</spirit:displayName>
        <spirit:description>Width of S_AXI address bus</spirit:description>
        <spirit:value spirit:format="long" spirit:resolve="generated" spirit:id="MODELPARAM_VALUE.C_S00_AXI_ADDR_WIDTH" spirit:order="4" spirit:rangeType="long">9</spirit:value>
      </spirit:modelParameter>
    </spirit:modelParameters>
  </spirit:model>
  <spirit:choices>
    <spirit:choice>
      <spirit:name>choice_list_6fc15197</spirit:name>
      <spirit:enumeration>32</spirit:enumeration>
    </spirit:choice>
    <spirit:choice>
      <spirit:name>choice_list_9d8b0d81</spirit:name>
      <spirit:enumeration>ACTIVE_HIGH</spirit:enumeration>
      <spirit:enumeration>ACTIVE_LOW</spirit:enumeration>
    </spirit:choice>
    <spirit:choice>
      <spirit:name>choice_pairs_ce1226b1</spirit:name>
      <spirit:enumeration spirit:text="true">1</spirit:enumeration>
      <spirit:enumeration spirit:text="false">0</spirit:enumeration>
    </spirit:choice>
  </spirit:choices>
  <spirit:fileSets>
    <spirit:fileSet>
      <spirit:name>xilinx_vhdlsynthesis_view_fileset</spirit:name>
      <spirit:file>
        <spirit:name>src/WS2812.vhd</spirit:name>
        <spirit:fileType>vhdlSource</spirit:fileType>
      </spirit:file>
      <spirit:file>
        <spirit:name>hdl/WS2812_v1_0_S00_AXI.vhd</spirit:name>
        <spirit:fileType>vhdlSource</spirit:fileType>
      </spirit:file>
      <spirit:file>
        <spirit:name>hdl/WS2812_v1_0.vhd</spirit:name>
        <spirit:fileType>vhdlSource</spirit:fileType>
        <spirit:userFileType>CHECKSUM_09a86087</spirit:userFileType>
      </spirit:file>
    </spirit:fileSet>
    <spirit:fileSet>
      <spirit:name>xilinx_vhdlbehavioralsimulation_view_fileset</spirit:name>
      <spirit:file>
        <spirit:name>src/WS2812.vhd</spirit:name>
        <spirit:fileType>vhdlSource</spirit:fileType>
      </spirit:file>
      <spirit:file>
        <spirit:name>hdl/WS2812_v1_0_S00_AXI.vhd</spirit:name>
        <spirit:fileType>vhdlSource</spirit:fileType>
      </spirit:file>
      <spirit:file>
        <spirit:name>hdl/WS2812_v1_0.vhd</spirit:name>
        <spirit:fileType>vhdlSource</spirit:fileType>
      </spirit:file>
    </spirit:fileSet>
    <spirit:fileSet>
      <spirit:name>xilinx_softwaredriver_view_fileset</spirit:name>
      <spirit:file>
        <spirit:name>drivers/WS2812_v1_0/data/WS2812.mdd</spirit:name>
        <spirit:userFileType>mdd</spirit:userFileType>
        <spirit:userFileType>driver_mdd</spirit:userFileType>
      </spirit:file>
      <spirit:file>
        <spirit:name>drivers/WS2812_v1_0/data/WS2812.tcl</spirit:name>
        <spirit:fileType>tclSource</spirit:fileType>
        <spirit:userFileType>driver_tcl</spirit:userFileType>
      </spirit:file>
      <spirit:file>
        <spirit:name>drivers/WS2812_v1_0/src/Makefile</spirit:name>
        <spirit:userFileType>driver_src</spirit:userFileType>
      </spirit:file>
      <spirit:file>
        <spirit:name>drivers/WS2812_v1_0/src/WS2812.h</spirit:name>
        <spirit:fileType>cSource</spirit:fileType>
        <spirit:userFileType>driver_src</spirit:userFileType>
      </spirit:file>
      <spirit:file>
        <spirit:name>drivers/WS2812_v1_0/src/WS2812.c</spirit:name>
        <spirit:fileType>cSource</spirit:fileType>
        <spirit:userFileType>driver_src</spirit:userFileType>
      </spirit:file>
      <spirit:file>
        <spirit:name>drivers/WS2812_v1_0/src/WS2812_selftest.c</spirit:name>
        <spirit:fileType>cSource</spirit:fileType>
        <spirit:userFileType>driver_src</spirit:userFileType>
      </spirit:file>
    </spirit:fileSet>
    <spirit:fileSet>
      <spirit:name>xilinx_xpgui_view_fileset</spirit:name>
      <spirit:file>
        <spirit:name>xgui/WS2812_v1_0.tcl</spirit:name>
        <spirit:fileType>tclSource</spirit:fileType>
        <spirit:userFileType>CHECKSUM_dda4df14</spirit:userFileType>
        <spirit:userFileType>XGUI_VERSION_2</spirit:userFileType>
      </spirit:file>
    </spirit:fileSet>
    <spirit:fileSet>
      <spirit:name>bd_tcl_view_fileset</spirit:name>
      <spirit:file>
        <spirit:name>bd/bd.tcl</spirit:name>
        <spirit:fileType>tclSource</spirit:fileType>
      </spirit:file>
    </spirit:fileSet>
  </spirit:fileSets>
  <spirit:description>My new AXI IP</spirit:description>
  <spirit:parameters>
    <spirit:parameter>
      <spirit:name>C_S00_AXI_DATA_WIDTH</spirit:name>
      <spirit:displayName>C S00 AXI DATA WIDTH</spirit:displayName>
      <spirit:description>Width of S_AXI data bus</spirit:description>
      <spirit:value spirit:format="long" spirit:resolve="user" spirit:id="PARAM_VALUE.C_S00_AXI_DATA_WIDTH" spirit:choiceRef="choice_list_6fc15197" spirit:order="3">32</spirit:value>
      <spirit:vendorExtensions>
        <xilinx:parameterInfo>
          <xilinx:enablement>
            <xilinx:isEnabled xilinx:id="PARAM_ENABLEMENT.C_S00_AXI_DATA_WIDTH">false</xilinx:isEnabled>
          </xilinx:enablement>
        </xilinx:parameterInfo>
      </spirit:vendorExtensions>
    </spirit:parameter>
    <spirit:parameter>
      <spirit:name>C_S00_AXI_ADDR_WIDTH</spirit:name>
      <spirit:displayName>C S00 AXI ADDR WIDTH</spirit:displayName>
      <spirit:description>Width of S_AXI address bus</spirit:description>
      <spirit:value spirit:format="long" spirit:resolve="user" spirit:id="PARAM_VALUE.C_S00_AXI_ADDR_WIDTH" spirit:order="4" spirit:rangeType="long">9</spirit:value>
      <spirit:vendorExtensions>
        <xilinx:parameterInfo>
          <xilinx:enablement>
            <xilinx:isEnabled xilinx:id="PARAM_ENABLEMENT.C_S00_AXI_ADDR_WIDTH">false</xilinx:isEnabled>
          </xilinx:enablement>
        </xilinx:parameterInfo>
      </spirit:vendorExtensions>
    </spirit:parameter>
    <spirit:parameter>
      <spirit:name>C_S00_AXI_BASEADDR</spirit:name>
      <spirit:displayName>C S00 AXI BASEADDR</spirit:displayName>
      <spirit:value spirit:format="bitString" spirit:resolve="user" spirit:id="PARAM_VALUE.C_S00_AXI_BASEADDR" spirit:order="5" spirit:bitStringLength="32">0xFFFFFFFF</spirit:value>
      <spirit:vendorExtensions>
        <xilinx:parameterInfo>
          <xilinx:enablement>
            <xilinx:isEnabled xilinx:id="PARAM_ENABLEMENT.C_S00_AXI_BASEADDR">false</xilinx:isEnabled>
          </xilinx:enablement>
        </xilinx:parameterInfo>
      </spirit:vendorExtensions>
    </spirit:parameter>
    <spirit:parameter>
      <spirit:name>C_S00_AXI_HIGHADDR</spirit:name>
      <spirit:displayName>C S00 AXI HIGHADDR</spirit:displayName>
      <spirit:value spirit:format="bitString" spirit:resolve="user" spirit:id="PARAM_VALUE.C_S00_AXI_HIGHADDR" spirit:order="6" spirit:bitStringLength="32">0x00000000</spirit:value>
      <spirit:vendorExtensions>
        <xilinx:parameterInfo>
          <xilinx:enablement>
            <xilinx:isEnabled xilinx:id="PARAM_ENABLEMENT.C_S00_AXI_HIGHADDR">false</xilinx:isEnabled>
          </xilinx:enablement>
        </xilinx:parameterInfo>
      </spirit:vendorExtensions>
    </spirit:parameter>
    <spirit:parameter>
      <spirit:name>Component_Name</spirit:name>
      <spirit:value spirit:resolve="user" spirit:id="PARAM_VALUE.Component_Name" spirit:order="1">WS2812_v1_0</spirit:value>
    </spirit:parameter>
  </spirit:parameters>
  <spirit:vendorExtensions>
    <xilinx:coreExtensions>
      <xilinx:supportedFamilies>
        <xilinx:family xilinx:lifeCycle="Pre-Production">zynq</xilinx:family>
      </xilinx:supportedFamilies>
      <xilinx:taxonomies>
        <xilinx:taxonomy>AXI_Peripheral</xilinx:taxonomy>
      </xilinx:taxonomies>
      <xilinx:displayName>WS2812_v1.0</xilinx:displayName>
      <xilinx:coreRevision>16</xilinx:coreRevision>
      <xilinx:coreCreationDateTime>2019-11-08T15:12:17Z</xilinx:coreCreationDateTime>
      <xilinx:tags>
        <xilinx:tag xilinx:name="ui.data.coregen.dd@21f192db_ARCHIVE_LOCATION">c:/FPGA/Assignment_1/ip_repo/WS2812_1.0</xilinx:tag>
        <xilinx:tag xilinx:name="ui.data.coregen.dd@75b1348d_ARCHIVE_LOCATION">c:/FPGA/Assignment_1/ip_repo/WS2812_1.0</xilinx:tag>
        <xilinx:tag xilinx:name="ui.data.coregen.dd@6e984748_ARCHIVE_LOCATION">c:/FPGA/Assignment_1/ip_repo/WS2812_1.0</xilinx:tag>
        <xilinx:tag xilinx:name="ui.data.coregen.dd@1b4e82a5_ARCHIVE_LOCATION">c:/FPGA/Assignment_1/ip_repo/WS2812_1.0</xilinx:tag>
        <xilinx:tag xilinx:name="ui.data.coregen.dd@2daf22f5_ARCHIVE_LOCATION">c:/FPGA/Assignment_1/ip_repo/WS2812_1.0</xilinx:tag>
        <xilinx:tag xilinx:name="ui.data.coregen.dd@671d01ff_ARCHIVE_LOCATION">c:/FPGA/Assignment_1/ip_repo/WS2812_1.0</xilinx:tag>
        <xilinx:tag xilinx:name="ui.data.coregen.dd@5886fac0_ARCHIVE_LOCATION">c:/FPGA/Assignment_1/ip_repo/WS2812_1.0</xilinx:tag>
        <xilinx:tag xilinx:name="ui.data.coregen.dd@26d25cd2_ARCHIVE_LOCATION">c:/FPGA/Assignment_1/ip_repo/WS2812_1.0</xilinx:tag>
        <xilinx:tag xilinx:name="ui.data.coregen.dd@4982d7b7_ARCHIVE_LOCATION">c:/FPGA/Assignment_1/ip_repo/WS2812_1.0</xilinx:tag>
        <xilinx:tag xilinx:name="ui.data.coregen.dd@30961342_ARCHIVE_LOCATION">c:/FPGA/Assignment_1/ip_repo/WS2812_1.0</xilinx:tag>
        <xilinx:tag xilinx:name="ui.data.coregen.dd@7e432534_ARCHIVE_LOCATION">c:/FPGA/Assignment_1/ip_repo/WS2812_1.0</xilinx:tag>
        <xilinx:tag xilinx:name="ui.data.coregen.dd@18b7fe19_ARCHIVE_LOCATION">c:/FPGA/Assignment_1/ip_repo/WS2812_1.0</xilinx:tag>
        <xilinx:tag xilinx:name="ui.data.coregen.dd@5192a7c2_ARCHIVE_LOCATION">c:/FPGA/Assignment_1/ip_repo/WS2812_1.0</xilinx:tag>
        <xilinx:tag xilinx:name="ui.data.coregen.dd@5149eab9_ARCHIVE_LOCATION">c:/FPGA/Assignment_1/ip_repo/WS2812_1.0</xilinx:tag>
        <xilinx:tag xilinx:name="ui.data.coregen.dd@3f2cf2ea_ARCHIVE_LOCATION">c:/FPGA/Assignment_1/ip_repo/WS2812_1.0</xilinx:tag>
        <xilinx:tag xilinx:name="ui.data.coregen.dd@4ed2cd8a_ARCHIVE_LOCATION">c:/FPGA/Assignment_1/ip_repo/WS2812_1.0</xilinx:tag>
        <xilinx:tag xilinx:name="ui.data.coregen.dd@240f6b0c_ARCHIVE_LOCATION">c:/FPGA/Assignment_1/ip_repo/WS2812_1.0</xilinx:tag>
        <xilinx:tag xilinx:name="ui.data.coregen.dd@f95f096_ARCHIVE_LOCATION">c:/FPGA/Assignment_1/ip_repo/WS2812_1.0</xilinx:tag>
        <xilinx:tag xilinx:name="ui.data.coregen.dd@5c703ca4_ARCHIVE_LOCATION">c:/FPGA/Assignment_1/ip_repo/WS2812_1.0</xilinx:tag>
        <xilinx:tag xilinx:name="ui.data.coregen.dd@2a1c4d0e_ARCHIVE_LOCATION">c:/FPGA/Assignment_1/ip_repo/WS2812_1.0</xilinx:tag>
        <xilinx:tag xilinx:name="ui.data.coregen.dd@41779852_ARCHIVE_LOCATION">c:/FPGA/Assignment_1/ip_repo/WS2812_1.0</xilinx:tag>
        <xilinx:tag xilinx:name="ui.data.coregen.dd@5fceea04_ARCHIVE_LOCATION">c:/FPGA/Assignment_1/ip_repo/WS2812_1.0</xilinx:tag>
        <xilinx:tag xilinx:name="ui.data.coregen.dd@253dd907_ARCHIVE_LOCATION">c:/FPGA/Assignment_1/ip_repo/WS2812_1.0</xilinx:tag>
        <xilinx:tag xilinx:name="ui.data.coregen.dd@7312308f_ARCHIVE_LOCATION">c:/FPGA/Assignment_1/ip_repo/WS2812_1.0</xilinx:tag>
        <xilinx:tag xilinx:name="ui.data.coregen.dd@70421098_ARCHIVE_LOCATION">c:/FPGA/Assignment_1/ip_repo/WS2812_1.0</xilinx:tag>
        <xilinx:tag xilinx:name="ui.data.coregen.dd@5ec70fc1_ARCHIVE_LOCATION">c:/FPGA/Assignment_1/ip_repo/WS2812_1.0</xilinx:tag>
        <xilinx:tag xilinx:name="ui.data.coregen.dd@47929b1e_ARCHIVE_LOCATION">c:/FPGA/Assignment_1/ip_repo/WS2812_1.0</xilinx:tag>
        <xilinx:tag xilinx:name="ui.data.coregen.dd@3d59f45_ARCHIVE_LOCATION">c:/FPGA/Assignment_1/ip_repo/WS2812_1.0</xilinx:tag>
        <xilinx:tag xilinx:name="ui.data.coregen.dd@2d48d820_ARCHIVE_LOCATION">c:/FPGA/Assignment_1/ip_repo/WS2812_1.0</xilinx:tag>
        <xilinx:tag xilinx:name="ui.data.coregen.dd@22716389_ARCHIVE_LOCATION">c:/FPGA/Assignment_1/ip_repo/WS2812_1.0</xilinx:tag>
        <xilinx:tag xilinx:name="ui.data.coregen.dd@5a32e368_ARCHIVE_LOCATION">c:/FPGA/Assignment_1/ip_repo/WS2812_1.0</xilinx:tag>
        <xilinx:tag xilinx:name="ui.data.coregen.dd@262a1b55_ARCHIVE_LOCATION">c:/FPGA/Assignment_1/ip_repo/WS2812_1.0</xilinx:tag>
        <xilinx:tag xilinx:name="ui.data.coregen.dd@47c54b9e_ARCHIVE_LOCATION">c:/FPGA/Assignment_1/ip_repo/WS2812_1.0</xilinx:tag>
        <xilinx:tag xilinx:name="ui.data.coregen.dd@997968b_ARCHIVE_LOCATION">c:/FPGA/Assignment_1/ip_repo/WS2812_1.0</xilinx:tag>
        <xilinx:tag xilinx:name="ui.data.coregen.dd@52d11e5c_ARCHIVE_LOCATION">c:/FPGA/Assignment_1/ip_repo/WS2812_1.0</xilinx:tag>
        <xilinx:tag xilinx:name="ui.data.coregen.dd@b78a453_ARCHIVE_LOCATION">c:/FPGA/Assignment_1/ip_repo/WS2812_1.0</xilinx:tag>
        <xilinx:tag xilinx:name="ui.data.coregen.dd@d0e6ca3_ARCHIVE_LOCATION">c:/FPGA/Assignment_1/ip_repo/WS2812_1.0</xilinx:tag>
        <xilinx:tag xilinx:name="ui.data.coregen.dd@735edee5_ARCHIVE_LOCATION">c:/FPGA/Assignment_1/ip_repo/WS2812_1.0</xilinx:tag>
        <xilinx:tag xilinx:name="ui.data.coregen.dd@338dc713_ARCHIVE_LOCATION">c:/FPGA/Assignment_1/ip_repo/WS2812_1.0</xilinx:tag>
        <xilinx:tag xilinx:name="ui.data.coregen.dd@422cacba_ARCHIVE_LOCATION">c:/FPGA/Assignment_1/ip_repo/WS2812_1.0</xilinx:tag>
        <xilinx:tag xilinx:name="ui.data.coregen.dd@80e30e0_ARCHIVE_LOCATION">c:/FPGA/Assignment_1/ip_repo/WS2812_1.0</xilinx:tag>
        <xilinx:tag xilinx:name="ui.data.coregen.dd@2027f2c6_ARCHIVE_LOCATION">c:/FPGA/Assignment_1/ip_repo/WS2812_1.0</xilinx:tag>
        <xilinx:tag xilinx:name="ui.data.coregen.dd@3985261d_ARCHIVE_LOCATION">c:/FPGA/Assignment_1/ip_repo/WS2812_1.0</xilinx:tag>
        <xilinx:tag xilinx:name="ui.data.coregen.dd@a1988d7_ARCHIVE_LOCATION">c:/FPGA/Assignment_1/ip_repo/WS2812_1.0</xilinx:tag>
        <xilinx:tag xilinx:name="ui.data.coregen.dd@526bb40e_ARCHIVE_LOCATION">c:/FPGA/Assignment_1/ip_repo/WS2812_1.0</xilinx:tag>
        <xilinx:tag xilinx:name="ui.data.coregen.dd@4fced9a3_ARCHIVE_LOCATION">c:/FPGA/Assignment_1/ip_repo/WS2812_1.0</xilinx:tag>
        <xilinx:tag xilinx:name="ui.data.coregen.dd@5dadb10d_ARCHIVE_LOCATION">c:/FPGA/Assignment_1/ip_repo/WS2812_1.0</xilinx:tag>
        <xilinx:tag xilinx:name="ui.data.coregen.dd@69a93d0e_ARCHIVE_LOCATION">c:/FPGA/Assignment_1/ip_repo/WS2812_1.0</xilinx:tag>
        <xilinx:tag xilinx:name="ui.data.coregen.dd@1e0ce282_ARCHIVE_LOCATION">c:/FPGA/Assignment_1/ip_repo/WS2812_1.0</xilinx:tag>
        <xilinx:tag xilinx:name="ui.data.coregen.dd@76c527b1_ARCHIVE_LOCATION">c:/FPGA/Assignment_1/ip_repo/WS2812_1.0</xilinx:tag>
        <xilinx:tag xilinx:name="ui.data.coregen.dd@33605f88_ARCHIVE_LOCATION">c:/FPGA/Assignment_1/ip_repo/WS2812_1.0</xilinx:tag>
        <xilinx:tag xilinx:name="ui.data.coregen.dd@6ffc44af_ARCHIVE_LOCATION">c:/FPGA/Assignment_1/ip_repo/WS2812_1.0</xilinx:tag>
        <xilinx:tag xilinx:name="ui.data.coregen.dd@589eefc4_ARCHIVE_LOCATION">c:/FPGA/Assignment_1/ip_repo/WS2812_1.0</xilinx:tag>
        <xilinx:tag xilinx:name="ui.data.coregen.dd@241c0c5d_ARCHIVE_LOCATION">c:/FPGA/Assignment_1/ip_repo/WS2812_1.0</xilinx:tag>
        <xilinx:tag xilinx:name="ui.data.coregen.dd@4486a56d_ARCHIVE_LOCATION">c:/FPGA/Assignment_1/ip_repo/WS2812_1.0</xilinx:tag>
        <xilinx:tag xilinx:name="ui.data.coregen.dd@3a6ca2f8_ARCHIVE_LOCATION">c:/FPGA/Assignment_1/ip_repo/WS2812_1.0</xilinx:tag>
        <xilinx:tag xilinx:name="ui.data.coregen.dd@554ede7_ARCHIVE_LOCATION">c:/FPGA/Assignment_1/ip_repo/WS2812_1.0</xilinx:tag>
        <xilinx:tag xilinx:name="ui.data.coregen.dd@3bf51f73_ARCHIVE_LOCATION">c:/FPGA/Assignment_1/ip_repo/WS2812_1.0</xilinx:tag>
        <xilinx:tag xilinx:name="ui.data.coregen.dd@205f86e7_ARCHIVE_LOCATION">c:/FPGA/Assignment_1/ip_repo/WS2812_1.0</xilinx:tag>
        <xilinx:tag xilinx:name="ui.data.coregen.dd@51b60b8c_ARCHIVE_LOCATION">c:/FPGA/Assignment_1/ip_repo/WS2812_1.0</xilinx:tag>
        <xilinx:tag xilinx:name="ui.data.coregen.dd@6734bcd9_ARCHIVE_LOCATION">c:/FPGA/Assignment_1/ip_repo/WS2812_1.0</xilinx:tag>
        <xilinx:tag xilinx:name="ui.data.coregen.dd@432ae092_ARCHIVE_LOCATION">c:/FPGA/Assignment_1/ip_repo/WS2812_1.0</xilinx:tag>
        <xilinx:tag xilinx:name="ui.data.coregen.dd@56a4237f_ARCHIVE_LOCATION">c:/FPGA/Assignment_1/ip_repo/WS2812_1.0</xilinx:tag>
        <xilinx:tag xilinx:name="ui.data.coregen.dd@71519227_ARCHIVE_LOCATION">c:/FPGA/Assignment_1/ip_repo/WS2812_1.0</xilinx:tag>
        <xilinx:tag xilinx:name="ui.data.coregen.dd@48358256_ARCHIVE_LOCATION">c:/FPGA/Assignment_1/ip_repo/WS2812_1.0</xilinx:tag>
        <xilinx:tag xilinx:name="ui.data.coregen.dd@b6be86f_ARCHIVE_LOCATION">c:/FPGA/Assignment_1/ip_repo/WS2812_1.0</xilinx:tag>
        <xilinx:tag xilinx:name="ui.data.coregen.dd@691b9a4b_ARCHIVE_LOCATION">c:/FPGA/Assignment_1/ip_repo/WS2812_1.0</xilinx:tag>
        <xilinx:tag xilinx:name="ui.data.coregen.dd@44f879d_ARCHIVE_LOCATION">c:/FPGA/Assignment_1/ip_repo/WS2812_1.0</xilinx:tag>
        <xilinx:tag xilinx:name="ui.data.coregen.dd@1a94b45_ARCHIVE_LOCATION">c:/FPGA/Assignment_1/ip_repo/WS2812_1.0</xilinx:tag>
        <xilinx:tag xilinx:name="ui.data.coregen.dd@45dcc1ad_ARCHIVE_LOCATION">c:/FPGA/Assignment_1/ip_repo/WS2812_1.0</xilinx:tag>
        <xilinx:tag xilinx:name="ui.data.coregen.dd@64930f3b_ARCHIVE_LOCATION">c:/FPGA/Assignment_1/ip_repo/WS2812_1.0</xilinx:tag>
        <xilinx:tag xilinx:name="ui.data.coregen.dd@2204cfda_ARCHIVE_LOCATION">c:/FPGA/Assignment_1/ip_repo/WS2812_1.0</xilinx:tag>
        <xilinx:tag xilinx:name="ui.data.coregen.dd@3c578225_ARCHIVE_LOCATION">c:/FPGA/Assignment_1/ip_repo/WS2812_1.0</xilinx:tag>
        <xilinx:tag xilinx:name="ui.data.coregen.dd@23839dbe_ARCHIVE_LOCATION">c:/FPGA/Assignment_1/ip_repo/WS2812_1.0</xilinx:tag>
        <xilinx:tag xilinx:name="ui.data.coregen.dd@67db862b_ARCHIVE_LOCATION">c:/FPGA/Assignment_1/ip_repo/WS2812_1.0</xilinx:tag>
        <xilinx:tag xilinx:name="ui.data.coregen.dd@5b4b9d62_ARCHIVE_LOCATION">c:/FPGA/Assignment_1/ip_repo/WS2812_1.0</xilinx:tag>
        <xilinx:tag xilinx:name="ui.data.coregen.dd@16707775_ARCHIVE_LOCATION">c:/FPGA/Assignment_1/ip_repo/WS2812_1.0</xilinx:tag>
        <xilinx:tag xilinx:name="ui.data.coregen.dd@4212dc9_ARCHIVE_LOCATION">c:/FPGA/Assignment_1/ip_repo/WS2812_1.0</xilinx:tag>
        <xilinx:tag xilinx:name="ui.data.coregen.dd@3553b52f_ARCHIVE_LOCATION">c:/FPGA/Assignment_1/ip_repo/WS2812_1.0</xilinx:tag>
        <xilinx:tag xilinx:name="ui.data.coregen.dd@456083a4_ARCHIVE_LOCATION">c:/FPGA/Assignment_1/ip_repo/WS2812_1.0</xilinx:tag>
        <xilinx:tag xilinx:name="ui.data.coregen.dd@6ed1ec31_ARCHIVE_LOCATION">c:/FPGA/Assignment_1/ip_repo/WS2812_1.0</xilinx:tag>
        <xilinx:tag xilinx:name="ui.data.coregen.dd@4bf1cb51_ARCHIVE_LOCATION">c:/FPGA/Assignment_1/ip_repo/WS2812_1.0</xilinx:tag>
        <xilinx:tag xilinx:name="ui.data.coregen.dd@6af85d4c_ARCHIVE_LOCATION">c:/FPGA/Assignment_1/ip_repo/WS2812_1.0</xilinx:tag>
        <xilinx:tag xilinx:name="ui.data.coregen.dd@68ad3225_ARCHIVE_LOCATION">c:/FPGA/Assignment_1/ip_repo/WS2812_1.0</xilinx:tag>
        <xilinx:tag xilinx:name="ui.data.coregen.dd@2cb43b32_ARCHIVE_LOCATION">c:/FPGA/Assignment_1/ip_repo/WS2812_1.0</xilinx:tag>
        <xilinx:tag xilinx:name="ui.data.coregen.dd@27f5fe75_ARCHIVE_LOCATION">c:/FPGA/Assignment_1/ip_repo/WS2812_1.0</xilinx:tag>
        <xilinx:tag xilinx:name="ui.data.coregen.dd@6d5e6422_ARCHIVE_LOCATION">c:/FPGA/Assignment_1/ip_repo/WS2812_1.0</xilinx:tag>
        <xilinx:tag xilinx:name="ui.data.coregen.dd@4b54a1b3_ARCHIVE_LOCATION">c:/FPGA/Assignment_1/ip_repo/WS2812_1.0</xilinx:tag>
        <xilinx:tag xilinx:name="ui.data.coregen.dd@49052703_ARCHIVE_LOCATION">c:/FPGA/Assignment_1/ip_repo/WS2812_1.0</xilinx:tag>
        <xilinx:tag xilinx:name="ui.data.coregen.dd@7c464523_ARCHIVE_LOCATION">c:/FPGA/Assignment_1/ip_repo/WS2812_1.0</xilinx:tag>
        <xilinx:tag xilinx:name="ui.data.coregen.dd@f4f8f5b_ARCHIVE_LOCATION">c:/FPGA/Assignment_1/ip_repo/WS2812_1.0</xilinx:tag>
        <xilinx:tag xilinx:name="ui.data.coregen.dd@4302c063_ARCHIVE_LOCATION">c:/FPGA/Assignment_1/ip_repo/WS2812_1.0</xilinx:tag>
        <xilinx:tag xilinx:name="ui.data.coregen.dd@7309f7e9_ARCHIVE_LOCATION">c:/FPGA/Assignment_1/ip_repo/WS2812_1.0</xilinx:tag>
        <xilinx:tag xilinx:name="ui.data.coregen.dd@2b59d5b4_ARCHIVE_LOCATION">c:/FPGA/Assignment_1/ip_repo/WS2812_1.0</xilinx:tag>
        <xilinx:tag xilinx:name="ui.data.coregen.dd@4af41c92_ARCHIVE_LOCATION">c:/FPGA/Assignment_1/ip_repo/WS2812_1.0</xilinx:tag>
        <xilinx:tag xilinx:name="ui.data.coregen.dd@3b550d4a_ARCHIVE_LOCATION">c:/FPGA/Assignment_1/ip_repo/WS2812_1.0</xilinx:tag>
        <xilinx:tag xilinx:name="ui.data.coregen.dd@303dd08b_ARCHIVE_LOCATION">c:/FPGA/Assignment_1/ip_repo/WS2812_1.0</xilinx:tag>
        <xilinx:tag xilinx:name="ui.data.coregen.dd@55139ff8_ARCHIVE_LOCATION">c:/FPGA/Assignment_1/ip_repo/WS2812_1.0</xilinx:tag>
        <xilinx:tag xilinx:name="ui.data.coregen.dd@76d307e8_ARCHIVE_LOCATION">c:/FPGA/Assignment_1/ip_repo/WS2812_1.0</xilinx:tag>
        <xilinx:tag xilinx:name="ui.data.coregen.dd@31582848_ARCHIVE_LOCATION">c:/FPGA/Assignment_1/ip_repo/WS2812_1.0</xilinx:tag>
        <xilinx:tag xilinx:name="ui.data.coregen.dd@68138b9f_ARCHIVE_LOCATION">c:/FPGA/Assignment_1/ip_repo/WS2812_1.0</xilinx:tag>
        <xilinx:tag xilinx:name="ui.data.coregen.dd@1dcedc9c_ARCHIVE_LOCATION">c:/FPGA/Assignment_1/ip_repo/WS2812_1.0</xilinx:tag>
        <xilinx:tag xilinx:name="ui.data.coregen.dd@4233838b_ARCHIVE_LOCATION">c:/FPGA/Assignment_1/ip_repo/WS2812_1.0</xilinx:tag>
        <xilinx:tag xilinx:name="ui.data.coregen.dd@1ee807ab_ARCHIVE_LOCATION">c:/FPGA/Assignment_1/ip_repo/WS2812_1.0</xilinx:tag>
        <xilinx:tag xilinx:name="ui.data.coregen.dd@3d056ca9_ARCHIVE_LOCATION">c:/FPGA/Assignment_1/ip_repo/WS2812_1.0</xilinx:tag>
        <xilinx:tag xilinx:name="ui.data.coregen.dd@7dd054d0_ARCHIVE_LOCATION">c:/FPGA/Assignment_1/ip_repo/WS2812_1.0</xilinx:tag>
        <xilinx:tag xilinx:name="ui.data.coregen.dd@5225d6b3_ARCHIVE_LOCATION">c:/FPGA/Assignment_1/ip_repo/WS2812_1.0</xilinx:tag>
        <xilinx:tag xilinx:name="ui.data.coregen.dd@3e0da7e4_ARCHIVE_LOCATION">c:/FPGA/Assignment_1/ip_repo/WS2812_1.0</xilinx:tag>
        <xilinx:tag xilinx:name="ui.data.coregen.dd@2ca936f7_ARCHIVE_LOCATION">c:/FPGA/Assignment_1/ip_repo/WS2812_1.0</xilinx:tag>
        <xilinx:tag xilinx:name="ui.data.coregen.dd@630a84a2_ARCHIVE_LOCATION">c:/FPGA/Assignment_1/ip_repo/WS2812_1.0</xilinx:tag>
        <xilinx:tag xilinx:name="ui.data.coregen.dd@28402981_ARCHIVE_LOCATION">c:/FPGA/Assignment_1/ip_repo/WS2812_1.0</xilinx:tag>
        <xilinx:tag xilinx:name="ui.data.coregen.dd@76392865_ARCHIVE_LOCATION">c:/FPGA/Assignment_1/ip_repo/WS2812_1.0</xilinx:tag>
        <xilinx:tag xilinx:name="ui.data.coregen.dd@37d31c37_ARCHIVE_LOCATION">c:/FPGA/Assignment_1/ip_repo/WS2812_1.0</xilinx:tag>
        <xilinx:tag xilinx:name="ui.data.coregen.dd@502f84c4_ARCHIVE_LOCATION">c:/FPGA/Assignment_1/ip_repo/WS2812_1.0</xilinx:tag>
        <xilinx:tag xilinx:name="ui.data.coregen.dd@f268cfd_ARCHIVE_LOCATION">c:/FPGA/Assignment_1/ip_repo/WS2812_1.0</xilinx:tag>
        <xilinx:tag xilinx:name="ui.data.coregen.dd@71dd7115_ARCHIVE_LOCATION">c:/FPGA/Assignment_1/ip_repo/WS2812_1.0</xilinx:tag>
        <xilinx:tag xilinx:name="ui.data.coregen.dd@4d448ab_ARCHIVE_LOCATION">c:/FPGA/Assignment_1/ip_repo/WS2812_1.0</xilinx:tag>
        <xilinx:tag xilinx:name="ui.data.coregen.dd@3c6f1556_ARCHIVE_LOCATION">c:/FPGA/Assignment_1/ip_repo/WS2812_1.0</xilinx:tag>
        <xilinx:tag xilinx:name="ui.data.coregen.dd@31a19476_ARCHIVE_LOCATION">c:/FPGA/Assignment_1/ip_repo/WS2812_1.0</xilinx:tag>
        <xilinx:tag xilinx:name="ui.data.coregen.dd@5db8eea6_ARCHIVE_LOCATION">c:/FPGA/Assignment_1/ip_repo/WS2812_1.0</xilinx:tag>
        <xilinx:tag xilinx:name="ui.data.coregen.dd@3e183947_ARCHIVE_LOCATION">c:/FPGA/Assignment_1/ip_repo/WS2812_1.0</xilinx:tag>
        <xilinx:tag xilinx:name="ui.data.coregen.dd@56980495_ARCHIVE_LOCATION">c:/FPGA/Assignment_1/ip_repo/WS2812_1.0</xilinx:tag>
        <xilinx:tag xilinx:name="ui.data.coregen.dd@741196c_ARCHIVE_LOCATION">c:/FPGA/Assignment_1/ip_repo/WS2812_1.0</xilinx:tag>
        <xilinx:tag xilinx:name="ui.data.coregen.dd@7c3ef072_ARCHIVE_LOCATION">c:/FPGA/Assignment_1/ip_repo/WS2812_1.0</xilinx:tag>
        <xilinx:tag xilinx:name="ui.data.coregen.dd@e71255d_ARCHIVE_LOCATION">c:/FPGA/Assignment_1/ip_repo/WS2812_1.0</xilinx:tag>
        <xilinx:tag xilinx:name="ui.data.coregen.dd@65b61db3_ARCHIVE_LOCATION">c:/FPGA/Assignment_1/ip_repo/WS2812_1.0</xilinx:tag>
        <xilinx:tag xilinx:name="ui.data.coregen.dd@b7ac24_ARCHIVE_LOCATION">c:/FPGA/Assignment_1/ip_repo/WS2812_1.0</xilinx:tag>
        <xilinx:tag xilinx:name="ui.data.coregen.dd@53eafa93_ARCHIVE_LOCATION">c:/FPGA/Assignment_1/ip_repo/WS2812_1.0</xilinx:tag>
        <xilinx:tag xilinx:name="ui.data.coregen.dd@56100535_ARCHIVE_LOCATION">c:/FPGA/Assignment_1/ip_repo/WS2812_1.0</xilinx:tag>
        <xilinx:tag xilinx:name="ui.data.coregen.dd@5548dacf_ARCHIVE_LOCATION">c:/FPGA/Assignment_1/ip_repo/WS2812_1.0</xilinx:tag>
        <xilinx:tag xilinx:name="ui.data.coregen.dd@2f31727e_ARCHIVE_LOCATION">c:/FPGA/Assignment_1/ip_repo/WS2812_1.0</xilinx:tag>
        <xilinx:tag xilinx:name="ui.data.coregen.dd@400f6e62_ARCHIVE_LOCATION">c:/FPGA/Assignment_1/ip_repo/WS2812_1.0</xilinx:tag>
        <xilinx:tag xilinx:name="ui.data.coregen.dd@111e5507_ARCHIVE_LOCATION">c:/FPGA/Assignment_1/ip_repo/WS2812_1.0</xilinx:tag>
        <xilinx:tag xilinx:name="ui.data.coregen.dd@544ffc76_ARCHIVE_LOCATION">c:/FPGA/Assignment_1/ip_repo/WS2812_1.0</xilinx:tag>
        <xilinx:tag xilinx:name="ui.data.coregen.dd@10d0ef66_ARCHIVE_LOCATION">c:/FPGA/Assignment_1/ip_repo/WS2812_1.0</xilinx:tag>
        <xilinx:tag xilinx:name="ui.data.coregen.dd@46ff0de0_ARCHIVE_LOCATION">c:/FPGA/Assignment_1/ip_repo/WS2812_1.0</xilinx:tag>
        <xilinx:tag xilinx:name="ui.data.coregen.dd@3d8bafd3_ARCHIVE_LOCATION">c:/FPGA/Assignment_1/ip_repo/WS2812_1.0</xilinx:tag>
        <xilinx:tag xilinx:name="ui.data.coregen.dd@669105f6_ARCHIVE_LOCATION">c:/FPGA/Assignment_1/ip_repo/WS2812_1.0</xilinx:tag>
        <xilinx:tag xilinx:name="ui.data.coregen.dd@2f423e73_ARCHIVE_LOCATION">c:/FPGA/Assignment_1/ip_repo/WS2812_1.0</xilinx:tag>
        <xilinx:tag xilinx:name="ui.data.coregen.dd@391ef822_ARCHIVE_LOCATION">c:/FPGA/Assignment_1/ip_repo/WS2812_1.0</xilinx:tag>
        <xilinx:tag xilinx:name="ui.data.coregen.dd@1708efd4_ARCHIVE_LOCATION">c:/FPGA/Assignment_1/ip_repo/WS2812_1.0</xilinx:tag>
        <xilinx:tag xilinx:name="ui.data.coregen.dd@70feba8a_ARCHIVE_LOCATION">c:/FPGA/Assignment_1/ip_repo/WS2812_1.0</xilinx:tag>
        <xilinx:tag xilinx:name="ui.data.coregen.dd@5d1ee363_ARCHIVE_LOCATION">c:/FPGA/Assignment_1/ip_repo/WS2812_1.0</xilinx:tag>
        <xilinx:tag xilinx:name="ui.data.coregen.dd@73fe5e7a_ARCHIVE_LOCATION">c:/FPGA/Assignment_1/ip_repo/WS2812_1.0</xilinx:tag>
        <xilinx:tag xilinx:name="ui.data.coregen.dd@651547ee_ARCHIVE_LOCATION">c:/FPGA/Assignment_1/ip_repo/WS2812_1.0</xilinx:tag>
        <xilinx:tag xilinx:name="ui.data.coregen.dd@5b5c39dc_ARCHIVE_LOCATION">c:/FPGA/Assignment_1/ip_repo/WS2812_1.0</xilinx:tag>
        <xilinx:tag xilinx:name="ui.data.coregen.dd@60758b0d_ARCHIVE_LOCATION">c:/FPGA/Assignment_1/ip_repo/WS2812_1.0</xilinx:tag>
        <xilinx:tag xilinx:name="ui.data.coregen.dd@c9c5959_ARCHIVE_LOCATION">c:/FPGA/Assignment_1/ip_repo/WS2812_1.0</xilinx:tag>
        <xilinx:tag xilinx:name="ui.data.coregen.dd@34aa55ff_ARCHIVE_LOCATION">c:/FPGA/Assignment_1/ip_repo/WS2812_1.0</xilinx:tag>
        <xilinx:tag xilinx:name="ui.data.coregen.dd@47fa30f7_ARCHIVE_LOCATION">c:/FPGA/Assignment_1/ip_repo/WS2812_1.0</xilinx:tag>
        <xilinx:tag xilinx:name="ui.data.coregen.dd@6bae848e_ARCHIVE_LOCATION">c:/FPGA/Assignment_1/ip_repo/WS2812_1.0</xilinx:tag>
        <xilinx:tag xilinx:name="ui.data.coregen.dd@1279d5bc_ARCHIVE_LOCATION">c:/FPGA/Assignment_1/ip_repo/WS2812_1.0</xilinx:tag>
        <xilinx:tag xilinx:name="ui.data.coregen.dd@10ce4c88_ARCHIVE_LOCATION">c:/FPGA/Assignment_1/ip_repo/WS2812_1.0</xilinx:tag>
        <xilinx:tag xilinx:name="ui.data.coregen.dd@6b5994cf_ARCHIVE_LOCATION">c:/FPGA/Assignment_1/ip_repo/WS2812_1.0</xilinx:tag>
        <xilinx:tag xilinx:name="ui.data.coregen.dd@606984ad_ARCHIVE_LOCATION">c:/FPGA/Assignment_1/ip_repo/WS2812_1.0</xilinx:tag>
        <xilinx:tag xilinx:name="ui.data.coregen.dd@52c6db95_ARCHIVE_LOCATION">c:/FPGA/Assignment_1/ip_repo/WS2812_1.0</xilinx:tag>
        <xilinx:tag xilinx:name="ui.data.coregen.dd@d1f9e10_ARCHIVE_LOCATION">c:/FPGA/Assignment_1/ip_repo/WS2812_1.0</xilinx:tag>
        <xilinx:tag xilinx:name="ui.data.coregen.dd@435cfc31_ARCHIVE_LOCATION">c:/FPGA/Assignment_1/ip_repo/WS2812_1.0</xilinx:tag>
        <xilinx:tag xilinx:name="ui.data.coregen.dd@e6cf76c_ARCHIVE_LOCATION">c:/FPGA/Assignment_1/ip_repo/WS2812_1.0</xilinx:tag>
        <xilinx:tag xilinx:name="ui.data.coregen.dd@51457be3_ARCHIVE_LOCATION">c:/FPGA/Assignment_1/ip_repo/WS2812_1.0</xilinx:tag>
        <xilinx:tag xilinx:name="ui.data.coregen.dd@1adee6f3_ARCHIVE_LOCATION">c:/FPGA/Assignment_1/ip_repo/WS2812_1.0</xilinx:tag>
        <xilinx:tag xilinx:name="ui.data.coregen.dd@5ed83e4_ARCHIVE_LOCATION">c:/FPGA/Assignment_1/ip_repo/WS2812_1.0</xilinx:tag>
        <xilinx:tag xilinx:name="ui.data.coregen.dd@2b6ef028_ARCHIVE_LOCATION">c:/FPGA/Assignment_1/ip_repo/WS2812_1.0</xilinx:tag>
        <xilinx:tag xilinx:name="ui.data.coregen.dd@40638010_ARCHIVE_LOCATION">c:/FPGA/Assignment_1/ip_repo/WS2812_1.0</xilinx:tag>
        <xilinx:tag xilinx:name="ui.data.coregen.dd@79c76a32_ARCHIVE_LOCATION">c:/FPGA/Assignment_1/ip_repo/WS2812_1.0</xilinx:tag>
        <xilinx:tag xilinx:name="ui.data.coregen.dd@4b92fbe1_ARCHIVE_LOCATION">c:/FPGA/Assignment_1/ip_repo/WS2812_1.0</xilinx:tag>
        <xilinx:tag xilinx:name="ui.data.coregen.dd@6006f304_ARCHIVE_LOCATION">c:/FPGA/Assignment_1/ip_repo/WS2812_1.0</xilinx:tag>
        <xilinx:tag xilinx:name="ui.data.coregen.dd@50916983_ARCHIVE_LOCATION">c:/FPGA/Assignment_1/ip_repo/WS2812_1.0</xilinx:tag>
        <xilinx:tag xilinx:name="ui.data.coregen.dd@3f744412_ARCHIVE_LOCATION">c:/FPGA/Assignment_1/ip_repo/WS2812_1.0</xilinx:tag>
        <xilinx:tag xilinx:name="ui.data.coregen.dd@d7afc09_ARCHIVE_LOCATION">c:/FPGA/Assignment_1/ip_repo/WS2812_1.0</xilinx:tag>
        <xilinx:tag xilinx:name="ui.data.coregen.dd@20364b93_ARCHIVE_LOCATION">c:/FPGA/Assignment_1/ip_repo/WS2812_1.0</xilinx:tag>
        <xilinx:tag xilinx:name="ui.data.coregen.dd@360cdec3_ARCHIVE_LOCATION">c:/FPGA/Assignment_1/ip_repo/WS2812_1.0</xilinx:tag>
        <xilinx:tag xilinx:name="ui.data.coregen.dd@47a4c784_ARCHIVE_LOCATION">c:/FPGA/Assignment_1/ip_repo/WS2812_1.0</xilinx:tag>
        <xilinx:tag xilinx:name="ui.data.coregen.dd@2f016c19_ARCHIVE_LOCATION">c:/FPGA/Assignment_1/ip_repo/WS2812_1.0</xilinx:tag>
        <xilinx:tag xilinx:name="ui.data.coregen.dd@87e8026_ARCHIVE_LOCATION">c:/FPGA/Assignment_1/ip_repo/WS2812_1.0</xilinx:tag>
        <xilinx:tag xilinx:name="ui.data.coregen.dd@3486978d_ARCHIVE_LOCATION">c:/FPGA/Assignment_1/ip_repo/WS2812_1.0</xilinx:tag>
        <xilinx:tag xilinx:name="ui.data.coregen.dd@5fe8670d_ARCHIVE_LOCATION">c:/FPGA/Assignment_1/ip_repo/WS2812_1.0</xilinx:tag>
        <xilinx:tag xilinx:name="ui.data.coregen.dd@2877f1b5_ARCHIVE_LOCATION">c:/FPGA/Assignment_1/ip_repo/WS2812_1.0</xilinx:tag>
        <xilinx:tag xilinx:name="ui.data.coregen.dd@59523a3e_ARCHIVE_LOCATION">c:/FPGA/Assignment_1/ip_repo/WS2812_1.0</xilinx:tag>
        <xilinx:tag xilinx:name="ui.data.coregen.dd@3e02245c_ARCHIVE_LOCATION">c:/FPGA/Assignment_1/ip_repo/WS2812_1.0</xilinx:tag>
        <xilinx:tag xilinx:name="ui.data.coregen.dd@5f03cc99_ARCHIVE_LOCATION">c:/FPGA/Assignment_1/ip_repo/WS2812_1.0</xilinx:tag>
        <xilinx:tag xilinx:name="ui.data.coregen.dd@5f5aa88d_ARCHIVE_LOCATION">c:/FPGA/Assignment_1/ip_repo/WS2812_1.0</xilinx:tag>
        <xilinx:tag xilinx:name="ui.data.coregen.dd@5b0e6530_ARCHIVE_LOCATION">c:/FPGA/Assignment_1/ip_repo/WS2812_1.0</xilinx:tag>
        <xilinx:tag xilinx:name="ui.data.coregen.dd@e57ded7_ARCHIVE_LOCATION">c:/FPGA/Assignment_1/ip_repo/WS2812_1.0</xilinx:tag>
        <xilinx:tag xilinx:name="ui.data.coregen.dd@31d70d3d_ARCHIVE_LOCATION">c:/FPGA/Assignment_1/ip_repo/WS2812_1.0</xilinx:tag>
        <xilinx:tag xilinx:name="ui.data.coregen.dd@6416fd5e_ARCHIVE_LOCATION">c:/FPGA/Assignment_1/ip_repo/WS2812_1.0</xilinx:tag>
        <xilinx:tag xilinx:name="ui.data.coregen.dd@6dfde194_ARCHIVE_LOCATION">c:/FPGA/Assignment_1/ip_repo/WS2812_1.0</xilinx:tag>
        <xilinx:tag xilinx:name="ui.data.coregen.dd@89ad906_ARCHIVE_LOCATION">c:/FPGA/Assignment_1/ip_repo/WS2812_1.0</xilinx:tag>
        <xilinx:tag xilinx:name="ui.data.coregen.dd@5975869b_ARCHIVE_LOCATION">c:/FPGA/Assignment_1/ip_repo/WS2812_1.0</xilinx:tag>
        <xilinx:tag xilinx:name="ui.data.coregen.dd@5c412a95_ARCHIVE_LOCATION">c:/FPGA/Assignment_1/ip_repo/WS2812_1.0</xilinx:tag>
        <xilinx:tag xilinx:name="ui.data.coregen.dd@608093d9_ARCHIVE_LOCATION">c:/FPGA/Assignment_1/ip_repo/WS2812_1.0</xilinx:tag>
        <xilinx:tag xilinx:name="ui.data.coregen.dd@36ad53ff_ARCHIVE_LOCATION">c:/FPGA/Assignment_1/ip_repo/WS2812_1.0</xilinx:tag>
        <xilinx:tag xilinx:name="ui.data.coregen.dd@7d64bda6_ARCHIVE_LOCATION">c:/FPGA/Assignment_1/ip_repo/WS2812_1.0</xilinx:tag>
        <xilinx:tag xilinx:name="ui.data.coregen.dd@1b733666_ARCHIVE_LOCATION">c:/FPGA/Assignment_1/ip_repo/WS2812_1.0</xilinx:tag>
        <xilinx:tag xilinx:name="ui.data.coregen.dd@6a2d2fad_ARCHIVE_LOCATION">c:/FPGA/Assignment_1/ip_repo/WS2812_1.0</xilinx:tag>
        <xilinx:tag xilinx:name="ui.data.coregen.dd@31782775_ARCHIVE_LOCATION">c:/FPGA/Assignment_1/ip_repo/WS2812_1.0</xilinx:tag>
        <xilinx:tag xilinx:name="ui.data.coregen.dd@3f0b634a_ARCHIVE_LOCATION">c:/FPGA/Assignment_1/ip_repo/WS2812_1.0</xilinx:tag>
        <xilinx:tag xilinx:name="ui.data.coregen.dd@2e16f3f6_ARCHIVE_LOCATION">c:/FPGA/Assignment_1/ip_repo/WS2812_1.0</xilinx:tag>
        <xilinx:tag xilinx:name="ui.data.coregen.dd@2ab06397_ARCHIVE_LOCATION">c:/FPGA/Assignment_1/ip_repo/WS2812_1.0</xilinx:tag>
        <xilinx:tag xilinx:name="ui.data.coregen.dd@65457672_ARCHIVE_LOCATION">c:/FPGA/Assignment_1/ip_repo/WS2812_1.0</xilinx:tag>
        <xilinx:tag xilinx:name="ui.data.coregen.dd@1b616bb5_ARCHIVE_LOCATION">c:/FPGA/Assignment_1/ip_repo/WS2812_1.0</xilinx:tag>
        <xilinx:tag xilinx:name="ui.data.coregen.dd@22e761f8_ARCHIVE_LOCATION">c:/FPGA/Assignment_1/ip_repo/WS2812_1.0</xilinx:tag>
        <xilinx:tag xilinx:name="ui.data.coregen.dd@38c36780_ARCHIVE_LOCATION">c:/FPGA/Assignment_1/ip_repo/WS2812_1.0</xilinx:tag>
        <xilinx:tag xilinx:name="ui.data.coregen.dd@9580b71_ARCHIVE_LOCATION">c:/FPGA/Assignment_1/ip_repo/WS2812_1.0</xilinx:tag>
        <xilinx:tag xilinx:name="ui.data.coregen.dd@3b216746_ARCHIVE_LOCATION">c:/FPGA/Assignment_1/ip_repo/WS2812_1.0</xilinx:tag>
        <xilinx:tag xilinx:name="ui.data.coregen.dd@18781e09_ARCHIVE_LOCATION">c:/FPGA/Assignment_1/ip_repo/WS2812_1.0</xilinx:tag>
        <xilinx:tag xilinx:name="ui.data.coregen.dd@223833f3_ARCHIVE_LOCATION">c:/FPGA/Assignment_1/ip_repo/WS2812_1.0</xilinx:tag>
        <xilinx:tag xilinx:name="ui.data.coregen.dd@1cc91431_ARCHIVE_LOCATION">c:/FPGA/Assignment_1/ip_repo/WS2812_1.0</xilinx:tag>
        <xilinx:tag xilinx:name="ui.data.coregen.dd@1a274da8_ARCHIVE_LOCATION">c:/FPGA/Assignment_1/ip_repo/WS2812_1.0</xilinx:tag>
        <xilinx:tag xilinx:name="ui.data.coregen.dd@3e6195f7_ARCHIVE_LOCATION">c:/FPGA/Assignment_1/ip_repo/WS2812_1.0</xilinx:tag>
        <xilinx:tag xilinx:name="ui.data.coregen.dd@762910e1_ARCHIVE_LOCATION">c:/FPGA/Assignment_1/ip_repo/WS2812_1.0</xilinx:tag>
        <xilinx:tag xilinx:name="ui.data.coregen.dd@62fc1bb7_ARCHIVE_LOCATION">c:/FPGA/Assignment_1/ip_repo/WS2812_1.0</xilinx:tag>
        <xilinx:tag xilinx:name="ui.data.coregen.dd@638e2c19_ARCHIVE_LOCATION">c:/FPGA/Assignment_1/ip_repo/WS2812_1.0</xilinx:tag>
        <xilinx:tag xilinx:name="ui.data.coregen.dd@6ee775bb_ARCHIVE_LOCATION">c:/FPGA/Assignment_1/ip_repo/WS2812_1.0</xilinx:tag>
      </xilinx:tags>
    </xilinx:coreExtensions>
    <xilinx:packagingInfo>
      <xilinx:xilinxVersion>2019.1</xilinx:xilinxVersion>
      <xilinx:checksum xilinx:scope="busInterfaces" xilinx:value="3f004658"/>
      <xilinx:checksum xilinx:scope="memoryMaps" xilinx:value="ed1368d5"/>
      <xilinx:checksum xilinx:scope="fileGroups" xilinx:value="fb4a55b6"/>
      <xilinx:checksum xilinx:scope="ports" xilinx:value="6de08261"/>
      <xilinx:checksum xilinx:scope="hdlParameters" xilinx:value="bcb37c3f"/>
      <xilinx:checksum xilinx:scope="parameters" xilinx:value="ec31412c"/>
    </xilinx:packagingInfo>
  </spirit:vendorExtensions>
</spirit:component>
